NAME,POST,BASIC,ATT,R/DAY,OT,EARNINGS,GROSS,PENSION_%,PENSION,TAXABLE,PAYE-25%,PAYE-30%,TOTAL PAYE,NET
MP,Manager,500000.0,26.0,19230.77,0.0,500000.02,500000.02,0.05,25000.0,350000.02,75000.0,15000.01,90000.01,410000.01
mp2,manager,300000.0,13.0,11538.46,0.0,149999.97999999998,149999.97999999998,0.05,15000.0,-0.02000000001862645,-0.01,0,-0.01,149999.99
